{"mc":{
	"firework":{
		"frameRate":8,
		"events":[
			
			],
		"frames":[
			
			{
			"res":"A112BE66",
			"x":136,
			"y":25
			},
			{
			"res":"1BD92187",
			"x":129,
			"y":25
			},
			{
			"res":"541C4728",
			"x":122,
			"y":25
			},
			{
			"res":"D0E1C70",
			"x":115,
			"y":25
			},
			{
			"res":"23912864",
			"x":108,
			"y":25
			},
			{
			"res":"485B98A1",
			"x":93,
			"y":25
			},
			{
			"res":"CAD3FA79",
			"x":74,
			"y":25
			},
			{
			"res":"1383C2F2",
			"x":58,
			"y":25
			},
			{
			"res":"C4C9196C",
			"x":51,
			"y":25
			},
			{
			"res":"B49D1199",
			"x":73,
			"y":25
			},
			{
			"res":"B72FC4BF",
			"x":66,
			"y":25
			},
			{
			"res":"DEFD0A0",
			"x":62,
			"y":25
			},
			{
			"res":"B681589A",
			"x":61,
			"y":26
			},
			{
			"res":"33B01A89",
			"x":55,
			"y":25
			},
			{
			"res":"14CC22DF",
			"x":48,
			"y":25
			},
			{
			"res":"554DEBA9",
			"x":42,
			"y":25
			},
			{
			"res":"25E4B62B",
			"x":35,
			"y":25
			},
			{
			"res":"C8777594",
			"x":203,
			"y":148
			},
			{
			"res":"1AD5880",
			"x":191,
			"y":135
			},
			{
			"res":"9400F832",
			"x":179,
			"y":123
			},
			{
			"res":"70A23724",
			"x":168,
			"y":111
			},
			{
			"res":"876D512E",
			"x":145,
			"y":88
			},
			{
			"res":"56D1920E",
			"x":117,
			"y":59
			},
			{
			"res":"8C654F24",
			"x":107,
			"y":49
			},
			{
			"res":"E1DBE962",
			"x":102,
			"y":39
			},
			{
			"res":"636EDA81",
			"x":122,
			"y":100
			},
			{
			"res":"4B2CA9BE",
			"x":115,
			"y":90
			},
			{
			"res":"4B786D30",
			"x":173,
			"y":66
			},
			{
			"res":"2C2EE1BF",
			"x":171,
			"y":55
			},
			{
			"res":"2036C637",
			"x":170,
			"y":44
			},
			{
			"res":"1A509EA3",
			"x":179,
			"y":25
			},
			{
			"res":"F9EC7BDF",
			"x":171,
			"y":25
			},
			{
			"res":"56209F30",
			"x":156,
			"y":25
			},
			{
			"res":"EFB98718",
			"x":145,
			"y":27
			},
			{
			"res":"F108F206",
			"x":165,
			"y":52
			},
			{
			"res":"E7FD5E7D",
			"x":158,
			"y":44
			}
			]
}},
	"res":{
		"23912864":{"x":383,"y":604,"w":355,"h":300},
		"B49D1199":{"x":802,"y":303,"w":396,"h":300},
		"F108F206":{"x":1828,"y":1186,"w":211,"h":220},
		"14CC22DF":{"x":1662,"y":1,"w":385,"h":295},
		"A112BE66":{"x":1,"y":904,"w":297,"h":300},
		"636EDA81":{"x":300,"y":1165,"w":257,"h":224},
		"B72FC4BF":{"x":1253,"y":1,"w":407,"h":298},
		"1A509EA3":{"x":1,"y":1206,"w":207,"h":203},
		"F9EC7BDF":{"x":825,"y":1381,"w":189,"h":211},
		"876D512E":{"x":559,"y":1384,"w":188,"h":180},
		"DEFD0A0":{"x":402,"y":303,"w":398,"h":299},
		"1BD92187":{"x":1082,"y":897,"w":311,"h":300},
		"C8777594":{"x":1952,"y":388,"w":67,"h":63},
		"E1DBE962":{"x":1666,"y":298,"w":284,"h":273},
		"541C4728":{"x":1597,"y":884,"w":325,"h":300},
		"EFB98718":{"x":569,"y":1144,"w":254,"h":238},
		"70A23724":{"x":210,"y":1391,"w":141,"h":136},
		"33B01A89":{"x":1253,"y":301,"w":411,"h":292},
		"D0E1C70":{"x":740,"y":605,"w":340,"h":300},
		"2C2EE1BF":{"x":1395,"y":897,"w":195,"h":262},
		"25E4B62B":{"x":842,"y":1,"w":409,"h":300},
		"485B98A1":{"x":1,"y":604,"w":380,"h":298},
		"9400F832":{"x":1924,"y":884,"w":117,"h":112},
		"B681589A":{"x":1597,"y":595,"w":398,"h":287},
		"56209F30":{"x":1600,"y":1186,"w":226,"h":227},
		"CAD3FA79":{"x":1,"y":302,"w":399,"h":300},
		"E7FD5E7D":{"x":840,"y":907,"w":226,"h":234},
		"4B786D30":{"x":1076,"y":1199,"w":184,"h":243},
		"1383C2F2":{"x":425,"y":1,"w":415,"h":300},
		"56D1920E":{"x":825,"y":1144,"w":249,"h":235},
		"554DEBA9":{"x":1200,"y":595,"w":395,"h":300},
		"C4C9196C":{"x":1,"y":1,"w":422,"h":299},
		"2036C637":{"x":1395,"y":1186,"w":203,"h":278},
		"8C654F24":{"x":300,"y":906,"w":267,"h":257},
		"1AD5880":{"x":1952,"y":298,"w":92,"h":88},
		"4B2CA9BE":{"x":569,"y":907,"w":269,"h":235}
	}}