{"mc":{
	"pao":{
		"frameRate":10,
		"events":[
			
			],
		"frames":[
			
			{
			"res":"22F388E",
			"x":49,
			"y":54
			},
			{
			"res":"2E626F18",
			"x":49,
			"y":59
			},
			{
			"res":"1E5FAE44",
			"x":50,
			"y":58
			},
			{
			"res":"D9A34BB5",
			"x":50,
			"y":56
			},
			{
			"res":"95E1BA3E",
			"x":51,
			"y":55
			},
			{
			"res":"1AF6EC08",
			"x":53,
			"y":53
			},
			{
			"res":"5A609DA6",
			"x":53,
			"y":53
			},
			{
			"res":"D1AB2827",
			"x":54,
			"y":51
			},
			{
			"res":"15234B",
			"x":54,
			"y":51
			},
			{
			"res":"D1AB2827",
			"x":54,
			"y":51
			},
			{
			"res":"2E58EFF",
			"x":49,
			"y":36
			},
			{
			"res":"BF257EDD",
			"x":48,
			"y":29
			},
			{
			"res":"C83D1377",
			"x":43,
			"y":24
			},
			{
			"res":"819FB15E",
			"x":42,
			"y":20
			},
			{
			"res":"8CB54F93",
			"x":40,
			"y":14
			},
			{
			"res":"91599F3C",
			"x":42,
			"y":8
			},
			{
			"res":"900F0F9E",
			"x":45,
			"y":4
			},
			{
			"res":"8B703E98",
			"x":48,
			"y":0
			},
			{
			"res":"1F31781A",
			"x":46,
			"y":0
			},
			{
			"res":"6D956361",
			"x":42,
			"y":0
			},
			{
			"res":"2DCCA787",
			"x":36,
			"y":0
			},
			{
			"res":"F786315B",
			"x":49,
			"y":58
			}
			]
}},
	"res":{
		"5A609DA6":{"x":859,"y":366,"w":138,"h":113},
		"8CB54F93":{"x":754,"y":1,"w":183,"h":181},
		"2DCCA787":{"x":1,"y":1,"w":193,"h":194},
		"D9A34BB5":{"x":1,"y":479,"w":141,"h":109},
		"15234B":{"x":1,"y":364,"w":138,"h":114},
		"1AF6EC08":{"x":718,"y":366,"w":139,"h":112},
		"BF257EDD":{"x":1,"y":196,"w":173,"h":167},
		"2E626F18":{"x":143,"y":520,"w":142,"h":106},
		"900F0F9E":{"x":569,"y":1,"w":184,"h":183},
		"95E1BA3E":{"x":484,"y":475,"w":140,"h":111},
		"C83D1377":{"x":195,"y":187,"w":181,"h":172},
		"D1AB2827":{"x":345,"y":364,"w":137,"h":114},
		"1F31781A":{"x":383,"y":185,"w":183,"h":178},
		"2E58EFF":{"x":175,"y":360,"w":169,"h":158},
		"F786315B":{"x":625,"y":479,"w":142,"h":107},
		"8B703E98":{"x":754,"y":183,"w":181,"h":181},
		"819FB15E":{"x":567,"y":185,"w":182,"h":175},
		"22F388E":{"x":567,"y":362,"w":150,"h":112},
		"91599F3C":{"x":383,"y":1,"w":185,"h":183},
		"6D956361":{"x":195,"y":1,"w":187,"h":185},
		"1E5FAE44":{"x":768,"y":480,"w":141,"h":108}
	}}