{"mc":{
	"identity":{
		"frameRate":20,
		"events":[
			
			],
		"frames":[
			
			{
			"res":"BD8A2D27",
			"x":0,
			"y":0
			},
			{
			"res":"16DA5C8E",
			"x":0,
			"y":0
			},
			{
			"res":"5C4AA4E5",
			"x":0,
			"y":0
			},
			{
			"res":"DBA941E",
			"x":0,
			"y":0
			},
			{
			"res":"4B9847E1",
			"x":0,
			"y":0
			},
			{
			"res":"A8A31358",
			"x":0,
			"y":0
			},
			{
			"res":"E5C0BCF5",
			"x":0,
			"y":0
			},
			{
			"res":"27926537",
			"x":0,
			"y":0
			},
			{
			"res":"C4DFE7EA",
			"x":0,
			"y":0
			},
			{
			"res":"16513971",
			"x":0,
			"y":0
			},
			{
			"res":"8B883DCE",
			"x":0,
			"y":0
			},
			{
			"res":"613CF89",
			"x":0,
			"y":0
			},
			{
			"res":"B298B6F0",
			"x":0,
			"y":0
			},
			{
			"res":"50D50A8E",
			"x":0,
			"y":0
			},
			{
			"res":"845BA329",
			"x":0,
			"y":0
			},
			{
			"res":"631334BB",
			"x":0,
			"y":0
			},
			{
			"res":"903F4507",
			"x":0,
			"y":0
			},
			{
			"res":"1A54116E",
			"x":0,
			"y":0
			},
			{
			"res":"42EFC484",
			"x":0,
			"y":0
			},
			{
			"res":"A4409A5C",
			"x":0,
			"y":0
			},
			{
			"res":"394C79C3",
			"x":0,
			"y":0
			},
			{
			"res":"C49C8E86",
			"x":0,
			"y":0
			},
			{
			"res":"CA437C6F",
			"x":0,
			"y":0
			},
			{
			"res":"24F480FF",
			"x":0,
			"y":0
			},
			{
			"res":"C393DF79",
			"x":0,
			"y":0
			},
			{
			"res":"6FEDA29A",
			"x":0,
			"y":0
			},
			{
			"res":"15D66BA3",
			"x":0,
			"y":0
			},
			{
			"res":"EB08FF21",
			"x":0,
			"y":0
			},
			{
			"res":"D268F920",
			"x":0,
			"y":0
			},
			{
			"res":"44CC8B7E",
			"x":0,
			"y":0
			},
			{
			"res":"E8AF3D45",
			"x":0,
			"y":0
			},
			{
			"res":"F233F3AF",
			"x":0,
			"y":0
			},
			{
			"res":"C3A9EF2",
			"x":0,
			"y":0
			},
			{
			"res":"45A64DBC",
			"x":0,
			"y":0
			},
			{
			"res":"5740ED58",
			"x":0,
			"y":0
			},
			{
			"res":"2DCF65D4",
			"x":0,
			"y":0
			},
			{
			"res":"836BF52A",
			"x":0,
			"y":0
			},
			{
			"res":"2D6BDBB",
			"x":0,
			"y":0
			},
			{
			"res":"4404A7F2",
			"x":0,
			"y":0
			},
			{
			"res":"63D62539",
			"x":0,
			"y":0
			},
			{
			"res":"8B65DCAC",
			"x":0,
			"y":0
			},
			{
			"res":"5E556657",
			"x":0,
			"y":0
			},
			{
			"res":"230331F5",
			"x":0,
			"y":0
			},
			{
			"res":"B2DF14F0",
			"x":0,
			"y":0
			},
			{
			"res":"ACBF2E41",
			"x":0,
			"y":0
			},
			{
			"res":"234EB037",
			"x":0,
			"y":0
			},
			{
			"res":"38D770ED",
			"x":0,
			"y":0
			},
			{
			"res":"E893F587",
			"x":0,
			"y":0
			},
			{
			"res":"9A22BADF",
			"x":0,
			"y":0
			},
			{
			"res":"2D69D0E5",
			"x":0,
			"y":0
			},
			{
			"res":"A3FACDEA",
			"x":0,
			"y":0
			},
			{
			"res":"F2CF907B",
			"x":0,
			"y":0
			},
			{
			"res":"60AC7C1",
			"x":0,
			"y":0
			},
			{
			"res":"57BF5EA4",
			"x":0,
			"y":0
			},
			{
			"res":"6730196F",
			"x":0,
			"y":0
			},
			{
			"res":"7F63D3B8",
			"x":0,
			"y":0
			},
			{
			"res":"EB5FF9F4",
			"x":0,
			"y":0
			},
			{
			"res":"32BB1DB6",
			"x":0,
			"y":0
			},
			{
			"res":"708252E5",
			"x":0,
			"y":0
			},
			{
			"res":"4F502298",
			"x":0,
			"y":0
			},
			{
			"res":"901AEC1",
			"x":0,
			"y":0
			},
			{
			"res":"E345A8DE",
			"x":0,
			"y":0
			},
			{
			"res":"4963184B",
			"x":0,
			"y":0
			},
			{
			"res":"6F10FA7A",
			"x":0,
			"y":0
			},
			{
			"res":"B361ECF6",
			"x":0,
			"y":0
			},
			{
			"res":"455962F9",
			"x":0,
			"y":0
			},
			{
			"res":"AA25C990",
			"x":0,
			"y":0
			},
			{
			"res":"E23EF838",
			"x":0,
			"y":0
			},
			{
			"res":"E98AEF71",
			"x":0,
			"y":0
			},
			{
			"res":"575840EC",
			"x":0,
			"y":0
			},
			{
			"res":"D92C8479",
			"x":0,
			"y":0
			},
			{
			"res":"BDD4EAD5",
			"x":0,
			"y":0
			},
			{
			"res":"5BA8E87F",
			"x":0,
			"y":0
			},
			{
			"res":"C5086C9",
			"x":0,
			"y":0
			},
			{
			"res":"BBAEC053",
			"x":0,
			"y":0
			},
			{
			"res":"A2645F45",
			"x":0,
			"y":0
			},
			{
			"res":"1166E701",
			"x":0,
			"y":0
			},
			{
			"res":"8EA08102",
			"x":0,
			"y":0
			},
			{
			"res":"6386A22E",
			"x":0,
			"y":0
			},
			{
			"res":"A38AA049",
			"x":0,
			"y":0
			},
			{
			"res":"D0ECED74",
			"x":0,
			"y":0
			},
			{
			"res":"C6544AEC",
			"x":0,
			"y":0
			},
			{
			"res":"D29FC750",
			"x":0,
			"y":0
			},
			{
			"res":"2BC1F3CC",
			"x":0,
			"y":0
			},
			{
			"res":"C80B2F06",
			"x":0,
			"y":0
			},
			{
			"res":"510B5FE8",
			"x":0,
			"y":0
			},
			{
			"res":"515489C0",
			"x":0,
			"y":0
			},
			{
			"res":"31C27D38",
			"x":0,
			"y":0
			},
			{
			"res":"CAA11FBA",
			"x":0,
			"y":0
			},
			{
			"res":"5B2058BB",
			"x":0,
			"y":0
			},
			{
			"res":"EF6E06A6",
			"x":0,
			"y":0
			},
			{
			"res":"138367CE",
			"x":0,
			"y":0
			},
			{
			"res":"23D8D46D",
			"x":0,
			"y":0
			},
			{
			"res":"F8DD5805",
			"x":0,
			"y":0
			},
			{
			"res":"3721CCFB",
			"x":0,
			"y":0
			},
			{
			"res":"7E0AE029",
			"x":0,
			"y":0
			}
			]
}},
	"res":{
		"27926537":{"x":1,"y":1,"w":400,"h":225},
		"16513971":{"x":403,"y":1,"w":400,"h":225},
		"138367CE":{"x":805,"y":1,"w":400,"h":225},
		"38D770ED":{"x":1207,"y":1,"w":400,"h":225},
		"5B2058BB":{"x":1609,"y":1,"w":400,"h":225},
		"901AEC1":{"x":2011,"y":1,"w":400,"h":225},
		"8B883DCE":{"x":2413,"y":1,"w":400,"h":225},
		"5E556657":{"x":2815,"y":1,"w":400,"h":225},
		"BBAEC053":{"x":3217,"y":1,"w":400,"h":225},
		"5C4AA4E5":{"x":3619,"y":1,"w":400,"h":225},
		"D92C8479":{"x":1,"y":228,"w":400,"h":225},
		"6FEDA29A":{"x":403,"y":228,"w":400,"h":225},
		"8B65DCAC":{"x":805,"y":228,"w":400,"h":225},
		"EF6E06A6":{"x":1207,"y":228,"w":400,"h":225},
		"31C27D38":{"x":1609,"y":228,"w":400,"h":225},
		"575840EC":{"x":2011,"y":228,"w":400,"h":225},
		"C4DFE7EA":{"x":2413,"y":228,"w":400,"h":225},
		"BDD4EAD5":{"x":2815,"y":228,"w":400,"h":225},
		"845BA329":{"x":3217,"y":228,"w":400,"h":225},
		"16DA5C8E":{"x":3619,"y":228,"w":400,"h":225},
		"63D62539":{"x":1,"y":455,"w":400,"h":225},
		"EB5FF9F4":{"x":403,"y":455,"w":400,"h":225},
		"50D50A8E":{"x":805,"y":455,"w":400,"h":225},
		"CAA11FBA":{"x":1207,"y":455,"w":400,"h":225},
		"510B5FE8":{"x":1609,"y":455,"w":400,"h":225},
		"E23EF838":{"x":2011,"y":455,"w":400,"h":225},
		"515489C0":{"x":2413,"y":455,"w":400,"h":225},
		"C393DF79":{"x":2815,"y":455,"w":400,"h":225},
		"57BF5EA4":{"x":3217,"y":455,"w":400,"h":225},
		"9A22BADF":{"x":3619,"y":455,"w":400,"h":225},
		"B2DF14F0":{"x":1,"y":682,"w":400,"h":225},
		"4404A7F2":{"x":403,"y":682,"w":400,"h":225},
		"24F480FF":{"x":805,"y":682,"w":400,"h":225},
		"AA25C990":{"x":1207,"y":682,"w":400,"h":225},
		"F2CF907B":{"x":1609,"y":682,"w":400,"h":225},
		"2D6BDBB":{"x":2011,"y":682,"w":400,"h":225},
		"D29FC750":{"x":2413,"y":682,"w":400,"h":225},
		"6730196F":{"x":2815,"y":682,"w":400,"h":225},
		"2BC1F3CC":{"x":3217,"y":682,"w":400,"h":225},
		"4F502298":{"x":3619,"y":682,"w":400,"h":225},
		"E98AEF71":{"x":1,"y":909,"w":400,"h":225},
		"B298B6F0":{"x":403,"y":909,"w":400,"h":225},
		"836BF52A":{"x":805,"y":909,"w":400,"h":225},
		"7F63D3B8":{"x":1207,"y":909,"w":400,"h":225},
		"455962F9":{"x":1609,"y":909,"w":400,"h":225},
		"E5C0BCF5":{"x":2011,"y":909,"w":400,"h":225},
		"E893F587":{"x":2413,"y":909,"w":400,"h":225},
		"E8AF3D45":{"x":2815,"y":909,"w":400,"h":225},
		"CA437C6F":{"x":3217,"y":909,"w":400,"h":225},
		"B361ECF6":{"x":3619,"y":909,"w":400,"h":225},
		"708252E5":{"x":1,"y":1136,"w":400,"h":225},
		"A38AA049":{"x":403,"y":1136,"w":400,"h":225},
		"2DCF65D4":{"x":805,"y":1136,"w":400,"h":225},
		"D0ECED74":{"x":1207,"y":1136,"w":400,"h":225},
		"A8A31358":{"x":1609,"y":1136,"w":400,"h":225},
		"C49C8E86":{"x":2011,"y":1136,"w":400,"h":225},
		"44CC8B7E":{"x":2413,"y":1136,"w":400,"h":225},
		"6386A22E":{"x":2815,"y":1136,"w":400,"h":225},
		"5740ED58":{"x":3217,"y":1136,"w":400,"h":225},
		"A3FACDEA":{"x":3619,"y":1136,"w":400,"h":225},
		"394C79C3":{"x":1,"y":1363,"w":400,"h":225},
		"BD8A2D27":{"x":403,"y":1363,"w":400,"h":225},
		"A4409A5C":{"x":805,"y":1363,"w":400,"h":225},
		"613CF89":{"x":1207,"y":1363,"w":400,"h":225},
		"C80B2F06":{"x":1609,"y":1363,"w":400,"h":225},
		"1166E701":{"x":2011,"y":1363,"w":400,"h":225},
		"4B9847E1":{"x":2413,"y":1363,"w":400,"h":225},
		"45A64DBC":{"x":2815,"y":1363,"w":400,"h":225},
		"C6544AEC":{"x":3217,"y":1363,"w":400,"h":225},
		"42EFC484":{"x":3619,"y":1363,"w":400,"h":225},
		"A2645F45":{"x":1,"y":1590,"w":400,"h":225},
		"60AC7C1":{"x":403,"y":1590,"w":400,"h":225},
		"D268F920":{"x":805,"y":1590,"w":400,"h":225},
		"234EB037":{"x":1207,"y":1590,"w":400,"h":225},
		"C3A9EF2":{"x":1609,"y":1590,"w":400,"h":225},
		"6F10FA7A":{"x":2011,"y":1590,"w":400,"h":225},
		"3721CCFB":{"x":2413,"y":1590,"w":400,"h":225},
		"1A54116E":{"x":2815,"y":1590,"w":400,"h":225},
		"F233F3AF":{"x":3217,"y":1590,"w":400,"h":225},
		"8EA08102":{"x":3619,"y":1590,"w":400,"h":225},
		"ACBF2E41":{"x":1,"y":1817,"w":400,"h":225},
		"F8DD5805":{"x":403,"y":1817,"w":400,"h":225},
		"903F4507":{"x":805,"y":1817,"w":400,"h":225},
		"EB08FF21":{"x":1207,"y":1817,"w":400,"h":225},
		"32BB1DB6":{"x":1609,"y":1817,"w":400,"h":225},
		"7E0AE029":{"x":2011,"y":1817,"w":400,"h":225},
		"23D8D46D":{"x":2413,"y":1817,"w":400,"h":225},
		"4963184B":{"x":2815,"y":1817,"w":400,"h":225},
		"DBA941E":{"x":3217,"y":1817,"w":400,"h":225},
		"C5086C9":{"x":3619,"y":1817,"w":400,"h":225},
		"2D69D0E5":{"x":1,"y":2044,"w":400,"h":225},
		"E345A8DE":{"x":403,"y":2044,"w":400,"h":225},
		"5BA8E87F":{"x":805,"y":2044,"w":400,"h":225},
		"230331F5":{"x":1207,"y":2044,"w":400,"h":225},
		"15D66BA3":{"x":1609,"y":2044,"w":400,"h":225},
		"631334BB":{"x":2011,"y":2044,"w":400,"h":225}
	}}