{
	"groups": [
		{
			"keys": "bg_jpg,egret_icon_png,description_json,city_png,house_png,soilder_png,flat_png,sword_png,attack_png,defence_png,fight_png,fight_json,recall_png,recall2_png,johny_soilder_png,kitty_soilder_png,peter_soilder_png,money_json,money_png,bg1_jpg,logout_png,login_png,first_aid_png,rifle_png,handgun_png,supergun_png,shield_L1_png,shield_L2_png,shield_L3_png,life_png,aid_png,battle_png,gold_mine_png,empty_png,Folder_jpg,glory_1_mp3,ack_mp3,AlbumArtSmall_jpg,Folder2_jpg,AlbumArt_{3021CB75-83D2-4FA1-B3E2-398760DCDA3D}_Large_jpg,AlbumArt_{3021CB75-83D2-4FA1-B3E2-398760DCDA3D}_Small_jpg,destroyhuman_wav,easy_1_mp3,fighting_mp3,honor_1_mp3,play_png,stop_png,firework_json,firework_png,frog_png,frog_json,pao_json,pao_png,bomb_png,yes_mp3,blow_json,blow_png,blow_mp3,cell_png,cow_girl_png,cow_boy_png,shooting_mp3",
			"name": "preload"
		}
	],
	"resources": [
		{
			"url": "assets/bg.jpg",
			"type": "image",
			"name": "bg_jpg"
		},
		{
			"url": "assets/egret_icon.png",
			"type": "image",
			"name": "egret_icon_png"
		},
		{
			"url": "config/description.json",
			"type": "json",
			"name": "description_json"
		},
		{
			"url": "assets/city.png",
			"type": "image",
			"name": "city_png"
		},
		{
			"url": "assets/house.png",
			"type": "image",
			"name": "house_png"
		},
		{
			"url": "assets/soilder.png",
			"type": "image",
			"name": "soilder_png"
		},
		{
			"url": "assets/flat.png",
			"type": "image",
			"name": "flat_png"
		},
		{
			"url": "assets/sword.png",
			"type": "image",
			"name": "sword_png"
		},
		{
			"url": "assets/attack.png",
			"type": "image",
			"name": "attack_png"
		},
		{
			"url": "assets/fight.gif",
			"type": "image",
			"name": "fight_gif"
		},
		{
			"url": "assets/defence.png",
			"type": "image",
			"name": "defence_png"
		},
		{
			"url": "assets/fight.png",
			"type": "image",
			"name": "fight_png"
		},
		{
			"url": "config/fight.json",
			"type": "json",
			"name": "fight_json"
		},
		{
			"name": "recall_png",
			"type": "image",
			"url": "assets/recall.png"
		},
		{
			"name": "recall2_png",
			"type": "image",
			"url": "assets/recall.png"
		},
		{
			"name": "johny_soilder_png",
			"type": "image",
			"url": "assets/johny_soilder.png"
		},
		{
			"name": "kitty_soilder_png",
			"type": "image",
			"url": "assets/kitty_soilder.png"
		},
		{
			"name": "peter_soilder_png",
			"type": "image",
			"url": "assets/peter_soilder.png"
		},
		{
			"name": "money_json",
			"type": "json",
			"url": "assets/money.json"
		},
		{
			"name": "money_png",
			"type": "image",
			"url": "assets/money.png"
		},
		{
			"name": "bg1_jpg",
			"type": "image",
			"url": "assets/bg1.jpg"
		},
		{
			"name": "logout_png",
			"type": "image",
			"url": "assets/logout.png"
		},
		{
			"name": "login_png",
			"type": "image",
			"url": "assets/login.png"
		},
		{
			"name": "first_aid_png",
			"type": "image",
			"url": "assets/first_aid.png"
		},
		{
			"name": "rifle_png",
			"type": "image",
			"url": "assets/rifle.png"
		},
		{
			"name": "handgun_png",
			"type": "image",
			"url": "assets/handgun.png"
		},
		{
			"name": "supergun_png",
			"type": "image",
			"url": "assets/supergun.png"
		},
		{
			"name": "shield_L1_png",
			"type": "image",
			"url": "assets/shield_L1.png"
		},
		{
			"name": "shield_L2_png",
			"type": "image",
			"url": "assets/shield_L2.png"
		},
		{
			"name": "shield_L3_png",
			"type": "image",
			"url": "assets/shield_L3.png"
		},
		{
			"name": "life_png",
			"type": "image",
			"url": "assets/life.png"
		},
		{
			"name": "aid_png",
			"type": "image",
			"url": "assets/aid.png"
		},
		{
			"name": "battle_png",
			"type": "image",
			"url": "assets/battle.png"
		},
		{
			"name": "gold_mine_png",
			"type": "image",
			"url": "assets/gold_mine.png"
		},
		{
			"name": "empty_png",
			"type": "image",
			"url": "assets/empty.png"
		},
		{
			"name": "Folder_jpg",
			"type": "image",
			"url": "assets/Folder.jpg"
		},
		{
			"name": "glory_1_mp3",
			"type": "sound",
			"url": "assets/sound/glory_1.mp3"
		},
		{
			"name": "ack_mp3",
			"type": "sound",
			"url": "assets/sound/ack.mp3"
		},
		{
			"name": "AlbumArtSmall_jpg",
			"type": "image",
			"url": "assets/sound/AlbumArtSmall.jpg"
		},
		{
			"name": "Folder2_jpg",
			"type": "image",
			"url": "assets/sound/Folder.jpg"
		},
		{
			"name": "AlbumArt_{3021CB75-83D2-4FA1-B3E2-398760DCDA3D}_Large_jpg",
			"type": "image",
			"url": "assets/sound/AlbumArt_{3021CB75-83D2-4FA1-B3E2-398760DCDA3D}_Large.jpg"
		},
		{
			"name": "AlbumArt_{3021CB75-83D2-4FA1-B3E2-398760DCDA3D}_Small_jpg",
			"type": "image",
			"url": "assets/sound/AlbumArt_{3021CB75-83D2-4FA1-B3E2-398760DCDA3D}_Small.jpg"
		},
		{
			"name": "destroyhuman_wav",
			"type": "sound",
			"url": "assets/sound/destroyhuman.wav"
		},
		{
			"name": "easy_1_mp3",
			"type": "sound",
			"url": "assets/sound/easy_1.mp3"
		},
		{
			"name": "fighting_mp3",
			"type": "sound",
			"url": "assets/sound/fighting.mp3"
		},
		{
			"name": "honor_1_mp3",
			"type": "sound",
			"url": "assets/sound/honor_1.mp3"
		},
		{
			"name": "play_png",
			"type": "image",
			"url": "assets/play.png"
		},
		{
			"name": "stop_png",
			"type": "image",
			"url": "assets/stop.png"
		},
		{
			"name": "firework_json",
			"type": "json",
			"url": "config/firework.json"
		},
		{
			"name": "firework_png",
			"type": "image",
			"url": "assets/firework.png"
		},
		{
			"name": "frog_png",
			"type": "image",
			"url": "assets/frog.png"
		},
		{
			"name": "frog_json",
			"type": "json",
			"url": "config/frog.json"
		},
		{
			"name": "pao_json",
			"type": "json",
			"url": "config/pao.json"
		},
		{
			"name": "pao_png",
			"type": "image",
			"url": "assets/pao.png"
		},
		{
			"name": "bomb_png",
			"type": "image",
			"url": "assets/bomb.png"
		},
		{
			"name": "yes_mp3",
			"type": "sound",
			"url": "assets/sound/yes.mp3"
		},
		{
			"name": "blow_json",
			"type": "json",
			"url": "config/blow.json"
		},
		{
			"name": "blow_png",
			"type": "image",
			"url": "assets/blow.png"
		},
		{
			"name": "blow_mp3",
			"type": "sound",
			"url": "assets/sound/blow.mp3"
		},
		{
			"name": "cell_png",
			"type": "image",
			"url": "assets/cell.png"
		},
		{
			"name": "cow_girl_png",
			"type": "image",
			"url": "assets/cow_girl.png"
		},
		{
			"name": "cow_boy_png",
			"type": "image",
			"url": "assets/cow_boy.png"
		},
		{
			"name": "shooting_mp3",
			"type": "sound",
			"url": "assets/sound/shooting.mp3"
		}
	]
}