{"mc":{
	"arrow-down":{
		"frameRate":10,
		"events":[
			
			],
		"frames":[
			
			{
			"res":"624892B0",
			"x":3,
			"y":0
			},
			{
			"res":"65CD9BD3",
			"x":0,
			"y":0
			},
			{
			"res":"6A95C621",
			"x":0,
			"y":0
			},
			{
			"res":"A5B34766",
			"x":0,
			"y":3
			},
			{
			"res":"1D782650",
			"x":0,
			"y":7
			}
			]
}},
	"res":{
		"A5B34766":{"x":1,"y":1,"w":15,"h":12},
		"1D782650":{"x":35,"y":11,"w":15,"h":8},
		"65CD9BD3":{"x":35,"y":1,"w":15,"h":8},
		"624892B0":{"x":52,"y":1,"w":10,"h":5},
		"6A95C621":{"x":18,"y":1,"w":15,"h":11}
	}}