{"mc":{
	"blow":{
		"frameRate":8,
		"events":[
			
			],
		"frames":[
			
			{
			"res":"28DE2B3",
			"x":93,
			"y":69
			},
			{
			"res":"7B8D536A",
			"x":77,
			"y":30
			},
			{
			"res":"446A5BCE",
			"x":40,
			"y":26
			},
			{
			"res":"7D6F9FA1",
			"x":32,
			"y":34
			},
			{
			"res":"AEA2ADA0",
			"x":28,
			"y":34
			},
			{
			"res":"B2580A58",
			"x":25,
			"y":35
			},
			{
			"res":"BC1D1D19",
			"x":31,
			"y":36
			},
			{
			"res":"4E3C22C7",
			"x":34,
			"y":36
			},
			{
			"res":"215A8DE6",
			"x":105,
			"y":33
			},
			{
			"res":"6879F033",
			"x":248,
			"y":130
			}
			]
}},
	"res":{
		"6879F033":{"x":930,"y":1,"w":9,"h":7},
		"7B8D536A":{"x":1,"y":147,"w":162,"h":145},
		"7D6F9FA1":{"x":700,"y":1,"w":228,"h":141},
		"B2580A58":{"x":243,"y":1,"w":240,"h":139},
		"215A8DE6":{"x":478,"y":154,"w":155,"h":107},
		"4E3C22C7":{"x":700,"y":144,"w":228,"h":112},
		"BC1D1D19":{"x":243,"y":142,"w":233,"h":122},
		"28DE2B3":{"x":635,"y":258,"w":119,"h":107},
		"446A5BCE":{"x":485,"y":1,"w":213,"h":151},
		"AEA2ADA0":{"x":1,"y":1,"w":240,"h":144}
	}}