{"mc":{
	"explosion":{
		"frameRate":24,
		"events":[
			
			],
		"frames":[
			
			{
			"res":"6B9B5E77",
			"x":0,
			"y":0
			},
			{
			"res":"D0AD3689",
			"x":0,
			"y":0
			},
			{
			"res":"1EE465A7",
			"x":0,
			"y":0
			},
			{
			"res":"3E8F6E6",
			"x":0,
			"y":0
			},
			{
			"res":"2BFF7A1E",
			"x":0,
			"y":0
			},
			{
			"res":"D80A4579",
			"x":0,
			"y":0
			},
			{
			"res":"723617BA",
			"x":0,
			"y":0
			},
			{
			"res":"47F8A1A3",
			"x":0,
			"y":0
			},
			{
			"res":"5A251E0A",
			"x":0,
			"y":0
			},
			{
			"res":"5C5B69C5",
			"x":0,
			"y":0
			},
			{
			"res":"8C7752F",
			"x":0,
			"y":0
			},
			{
			"res":"14403A53",
			"x":0,
			"y":0
			},
			{
			"res":"4548B889",
			"x":0,
			"y":0
			},
			{
			"res":"AD40080",
			"x":0,
			"y":0
			},
			{
			"res":"A3139CCA",
			"x":0,
			"y":0
			},
			{
			"res":"63ABD137",
			"x":0,
			"y":0
			},
			{
			"res":"6054B2E8",
			"x":0,
			"y":0
			},
			{
			"res":"692A89E3",
			"x":0,
			"y":0
			},
			{
			"res":"EFCAE6C6",
			"x":0,
			"y":0
			},
			{
			"res":"D84D363E",
			"x":0,
			"y":0
			}
			]
}},
	"res":{
		"EFCAE6C6":{"x":1,"y":1,"w":128,"h":128},
		"14403A53":{"x":131,"y":1,"w":128,"h":128},
		"6B9B5E77":{"x":261,"y":1,"w":128,"h":128},
		"2BFF7A1E":{"x":1,"y":131,"w":128,"h":128},
		"D80A4579":{"x":131,"y":131,"w":128,"h":128},
		"63ABD137":{"x":261,"y":131,"w":128,"h":128},
		"AD40080":{"x":1,"y":261,"w":128,"h":128},
		"D0AD3689":{"x":131,"y":261,"w":128,"h":128},
		"692A89E3":{"x":261,"y":261,"w":128,"h":128},
		"47F8A1A3":{"x":1,"y":391,"w":128,"h":128},
		"A3139CCA":{"x":131,"y":391,"w":128,"h":128},
		"1EE465A7":{"x":261,"y":391,"w":128,"h":128},
		"5C5B69C5":{"x":1,"y":521,"w":128,"h":128},
		"5A251E0A":{"x":131,"y":521,"w":128,"h":128},
		"6054B2E8":{"x":261,"y":521,"w":128,"h":128},
		"8C7752F":{"x":1,"y":651,"w":128,"h":128},
		"3E8F6E6":{"x":131,"y":651,"w":128,"h":128},
		"D84D363E":{"x":261,"y":651,"w":128,"h":128},
		"723617BA":{"x":1,"y":781,"w":128,"h":128},
		"4548B889":{"x":131,"y":781,"w":128,"h":128}
	}}