{"mc":{
	"explosion":{
		"frameRate":24,
		"events":[
			
			],
		"frames":[
			
			{
			"res":"B5F47920",
			"x":0,
			"y":0
			},
			{
			"res":"6A4E6C7A",
			"x":0,
			"y":0
			},
			{
			"res":"A04D0078",
			"x":0,
			"y":0
			},
			{
			"res":"CB779583",
			"x":0,
			"y":0
			},
			{
			"res":"4B40ED11",
			"x":0,
			"y":0
			},
			{
			"res":"C7C2268D",
			"x":0,
			"y":0
			},
			{
			"res":"8292D240",
			"x":0,
			"y":0
			},
			{
			"res":"5C9BD852",
			"x":0,
			"y":0
			},
			{
			"res":"6CAC3F7C",
			"x":0,
			"y":0
			},
			{
			"res":"48290379",
			"x":0,
			"y":0
			},
			{
			"res":"A52E258",
			"x":0,
			"y":0
			},
			{
			"res":"438CC607",
			"x":0,
			"y":0
			},
			{
			"res":"F5967D5C",
			"x":0,
			"y":0
			},
			{
			"res":"484796CA",
			"x":0,
			"y":0
			},
			{
			"res":"15267BB6",
			"x":0,
			"y":0
			},
			{
			"res":"E85C6B58",
			"x":0,
			"y":0
			},
			{
			"res":"BDD14F1F",
			"x":0,
			"y":0
			},
			{
			"res":"DE8FE72",
			"x":0,
			"y":0
			},
			{
			"res":"26973A75",
			"x":0,
			"y":0
			},
			{
			"res":"6D938F84",
			"x":0,
			"y":0
			},
			{
			"res":"B7ADAA65",
			"x":0,
			"y":0
			},
			{
			"res":"EE592C0A",
			"x":0,
			"y":0
			},
			{
			"res":"2983AF5F",
			"x":0,
			"y":0
			},
			{
			"res":"4C3F9B52",
			"x":0,
			"y":0
			},
			{
			"res":"FF3BD472",
			"x":0,
			"y":0
			},
			{
			"res":"3D881DFB",
			"x":0,
			"y":0
			},
			{
			"res":"88AEE21B",
			"x":0,
			"y":0
			},
			{
			"res":"A9C1C370",
			"x":0,
			"y":0
			},
			{
			"res":"CAD371D2",
			"x":0,
			"y":0
			},
			{
			"res":"17BD90D4",
			"x":0,
			"y":0
			}
			]
}},
	"res":{
		"48290379":{"x":1,"y":1,"w":129,"h":129},
		"DE8FE72":{"x":132,"y":1,"w":129,"h":129},
		"2983AF5F":{"x":263,"y":1,"w":129,"h":129},
		"17BD90D4":{"x":394,"y":1,"w":129,"h":129},
		"A52E258":{"x":525,"y":1,"w":129,"h":129},
		"BDD14F1F":{"x":656,"y":1,"w":129,"h":129},
		"4B40ED11":{"x":787,"y":1,"w":129,"h":129},
		"A9C1C370":{"x":1,"y":132,"w":129,"h":129},
		"E85C6B58":{"x":132,"y":132,"w":129,"h":129},
		"B7ADAA65":{"x":263,"y":132,"w":129,"h":129},
		"CB779583":{"x":394,"y":132,"w":129,"h":129},
		"15267BB6":{"x":525,"y":132,"w":129,"h":129},
		"6CAC3F7C":{"x":656,"y":132,"w":129,"h":129},
		"6D938F84":{"x":787,"y":132,"w":129,"h":129},
		"3D881DFB":{"x":1,"y":263,"w":129,"h":129},
		"484796CA":{"x":132,"y":263,"w":129,"h":129},
		"A04D0078":{"x":263,"y":263,"w":129,"h":129},
		"6A4E6C7A":{"x":394,"y":263,"w":129,"h":129},
		"5C9BD852":{"x":525,"y":263,"w":129,"h":129},
		"26973A75":{"x":656,"y":263,"w":129,"h":129},
		"F5967D5C":{"x":787,"y":263,"w":129,"h":129},
		"B5F47920":{"x":1,"y":394,"w":129,"h":129},
		"8292D240":{"x":132,"y":394,"w":129,"h":129},
		"CAD371D2":{"x":263,"y":394,"w":129,"h":129},
		"88AEE21B":{"x":394,"y":394,"w":129,"h":129},
		"4C3F9B52":{"x":525,"y":394,"w":129,"h":129},
		"C7C2268D":{"x":656,"y":394,"w":129,"h":129},
		"438CC607":{"x":787,"y":394,"w":129,"h":129},
		"EE592C0A":{"x":1,"y":525,"w":129,"h":129},
		"FF3BD472":{"x":132,"y":525,"w":129,"h":129}
	}}