{"mc":{
	"fighting":{
		"frameRate":24,
		"events":[
			
			],
		"frames":[
			
			{
			"res":"32D1388A",
			"x":0,
			"y":0
			},
			{
			"res":"BE17141E",
			"x":0,
			"y":0
			},
			{
			"res":"FB13F599",
			"x":0,
			"y":0
			},
			{
			"res":"9922980A",
			"x":0,
			"y":0
			},
			{
			"res":"CE31A1",
			"x":0,
			"y":0
			},
			{
			"res":"8EC08EA4",
			"x":0,
			"y":0
			},
			{
			"res":"A81C77B",
			"x":0,
			"y":0
			},
			{
			"res":"485307BD",
			"x":0,
			"y":0
			},
			{
			"res":"1B1ACBB5",
			"x":0,
			"y":0
			},
			{
			"res":"8A17B918",
			"x":0,
			"y":0
			},
			{
			"res":"74911545",
			"x":0,
			"y":0
			},
			{
			"res":"147DA13C",
			"x":0,
			"y":0
			},
			{
			"res":"2855C2DC",
			"x":0,
			"y":0
			},
			{
			"res":"BA54E4F0",
			"x":0,
			"y":0
			},
			{
			"res":"3B46FFA0",
			"x":0,
			"y":0
			},
			{
			"res":"1C89169D",
			"x":0,
			"y":0
			},
			{
			"res":"249C204D",
			"x":0,
			"y":0
			},
			{
			"res":"31D8B164",
			"x":0,
			"y":0
			},
			{
			"res":"6CAEF41F",
			"x":0,
			"y":0
			},
			{
			"res":"360A399A",
			"x":0,
			"y":0
			},
			{
			"res":"F9B1B0B6",
			"x":0,
			"y":0
			},
			{
			"res":"FDCFD443",
			"x":0,
			"y":0
			},
			{
			"res":"A98A1164",
			"x":0,
			"y":0
			},
			{
			"res":"C58344EC",
			"x":0,
			"y":0
			},
			{
			"res":"A15000A",
			"x":0,
			"y":0
			},
			{
			"res":"53A6A762",
			"x":0,
			"y":0
			},
			{
			"res":"402C6BCA",
			"x":0,
			"y":0
			},
			{
			"res":"85A85167",
			"x":0,
			"y":0
			},
			{
			"res":"70845397",
			"x":0,
			"y":0
			},
			{
			"res":"4523A80C",
			"x":0,
			"y":0
			}
			]
}},
	"res":{
		"70845397":{"x":1,"y":1,"w":129,"h":129},
		"74911545":{"x":132,"y":1,"w":129,"h":129},
		"4523A80C":{"x":263,"y":1,"w":129,"h":129},
		"8EC08EA4":{"x":394,"y":1,"w":129,"h":129},
		"A81C77B":{"x":525,"y":1,"w":129,"h":129},
		"1B1ACBB5":{"x":656,"y":1,"w":129,"h":129},
		"8A17B918":{"x":787,"y":1,"w":129,"h":129},
		"FB13F599":{"x":1,"y":132,"w":129,"h":129},
		"CE31A1":{"x":132,"y":132,"w":129,"h":129},
		"31D8B164":{"x":263,"y":132,"w":129,"h":129},
		"A98A1164":{"x":394,"y":132,"w":129,"h":129},
		"6CAEF41F":{"x":525,"y":132,"w":129,"h":129},
		"147DA13C":{"x":656,"y":132,"w":129,"h":129},
		"F9B1B0B6":{"x":787,"y":132,"w":129,"h":129},
		"FDCFD443":{"x":1,"y":263,"w":129,"h":129},
		"BA54E4F0":{"x":132,"y":263,"w":129,"h":129},
		"C58344EC":{"x":263,"y":263,"w":129,"h":129},
		"85A85167":{"x":394,"y":263,"w":129,"h":129},
		"9922980A":{"x":525,"y":263,"w":129,"h":129},
		"53A6A762":{"x":656,"y":263,"w":129,"h":129},
		"3B46FFA0":{"x":787,"y":263,"w":129,"h":129},
		"BE17141E":{"x":1,"y":394,"w":129,"h":129},
		"1C89169D":{"x":132,"y":394,"w":129,"h":129},
		"249C204D":{"x":263,"y":394,"w":129,"h":129},
		"402C6BCA":{"x":394,"y":394,"w":129,"h":129},
		"360A399A":{"x":525,"y":394,"w":129,"h":129},
		"A15000A":{"x":656,"y":394,"w":129,"h":129},
		"2855C2DC":{"x":787,"y":394,"w":129,"h":129},
		"32D1388A":{"x":1,"y":525,"w":129,"h":129},
		"485307BD":{"x":132,"y":525,"w":129,"h":129}
	}}