{"mc":{
	"fight":{
		"frameRate":5,
		"events":[
			
			],
		"frames":[
			
			{
			"res":"A8B2BC5C",
			"x":0,
			"y":0
			},
			{
			"res":"9F3B9B78",
			"x":0,
			"y":0
			},
			{
			"res":"35C38818",
			"x":0,
			"y":0
			},
			{
			"res":"D0C2C60",
			"x":0,
			"y":0
			}
			]
}},
	"res":{
		"A8B2BC5C":{"x":1,"y":1,"w":100,"h":100},
		"D0C2C60":{"x":100,"y":1,"w":100,"h":100},
		"35C38818":{"x":1,"y":100,"w":100,"h":100},
		"9F3B9B78":{"x":100,"y":100,"w":100,"h":100}
	}}