{"mc":{
	"frog":{
		"frameRate":2,
		"events":[
			
			],
		"frames":[
			
			{
			"res":"AA1F4954",
			"x":0,
			"y":0
			},
			{
			"res":"9C6EBD56",
			"x":0,
			"y":0
			},
			{
			"res":"14FEB49B",
			"x":0,
			"y":0
			},
			{
			"res":"E5097605",
			"x":0,
			"y":0
			},
			{
			"res":"BB15E629",
			"x":0,
			"y":0
			}
			]
}},
	"res":{
		"BB15E629":{"x":1,"y":1,"w":128,"h":128},
		"AA1F4954":{"x":131,"y":1,"w":128,"h":128},
		"9C6EBD56":{"x":261,"y":1,"w":128,"h":128},
		"67B68720":{"x":1,"y":131,"w":128,"h":128},
		"E5097605":{"x":131,"y":131,"w":128,"h":128},
		"14FEB49B":{"x":261,"y":131,"w":128,"h":128},
		"5FE077BA":{"x":1,"y":261,"w":128,"h":128}
	}}