{"mc":{
	"horse":{
		"frameRate":12,
		"events":[
			
			],
		"frames":[
			
			{
			"res":"F700FDA8",
			"x":5,
			"y":1
			},
			{
			"res":"9BB70629",
			"x":5,
			"y":4
			},
			{
			"res":"D7CAAE25",
			"x":6,
			"y":4
			},
			{
			"res":"F8004DB0",
			"x":2,
			"y":5
			},
			{
			"res":"53BD1F59",
			"x":2,
			"y":3
			},
			{
			"res":"A40E4A58",
			"x":4,
			"y":3
			},
			{
			"res":"8E62214B",
			"x":5,
			"y":2
			},
			{
			"res":"57297262",
			"x":5,
			"y":2
			}
			]
}},
	"res":{
		"57297262":{"x":171,"y":55,"w":78,"h":49},
		"D7CAAE25":{"x":1,"y":104,"w":79,"h":48},
		"53BD1F59":{"x":1,"y":1,"w":84,"h":50},
		"F8004DB0":{"x":1,"y":55,"w":85,"h":47},
		"F700FDA8":{"x":167,"y":1,"w":77,"h":52},
		"9BB70629":{"x":82,"y":106,"w":79,"h":48},
		"A40E4A58":{"x":88,"y":55,"w":81,"h":49},
		"8E62214B":{"x":87,"y":1,"w":78,"h":52}
	}}