{"mc":{
	"poison":{
		"frameRate":5,
		"events":[
			
			],
		"frames":[
			
			{
			"res":"5941D5A4",
			"x":0,
			"y":0
			},
			{
			"res":"6D25E32E",
			"x":0,
			"y":0
			},
			{
			"res":"4A56D320",
			"x":0,
			"y":0
			},
			{
			"res":"76DE08E3",
			"x":0,
			"y":0
			},
			{
			"res":"FB463255",
			"x":0,
			"y":0
			},
			{
			"res":"24893D75",
			"x":0,
			"y":0
			},
			{
			"res":"40AD6686",
			"x":0,
			"y":0
			},
			{
			"res":"DE0EC04",
			"x":0,
			"y":0
			},
			{
			"res":"74053B2B",
			"x":0,
			"y":0
			},
			{
			"res":"51005570",
			"x":0,
			"y":0
			},
			{
			"res":"4A556D49",
			"x":0,
			"y":0
			},
			{
			"res":"C435B6BF",
			"x":0,
			"y":0
			},
			{
			"res":"212F4332",
			"x":0,
			"y":0
			},
			{
			"res":"2F88A323",
			"x":0,
			"y":0
			},
			{
			"res":"35DB8EC3",
			"x":0,
			"y":0
			},
			{
			"res":"240E5D3F",
			"x":0,
			"y":0
			},
			{
			"res":"3006C0D0",
			"x":0,
			"y":0
			},
			{
			"res":"678BCC96",
			"x":0,
			"y":0
			},
			{
			"res":"F410DEC2",
			"x":0,
			"y":0
			},
			{
			"res":"CAC072D6",
			"x":0,
			"y":0
			}
			]
}},
	"res":{
		"51005570":{"x":1,"y":1,"w":128,"h":128},
		"4A56D320":{"x":131,"y":1,"w":128,"h":128},
		"40AD6686":{"x":261,"y":1,"w":128,"h":128},
		"CAC072D6":{"x":1,"y":131,"w":128,"h":128},
		"74053B2B":{"x":131,"y":131,"w":128,"h":128},
		"F410DEC2":{"x":261,"y":131,"w":128,"h":128},
		"5941D5A4":{"x":1,"y":261,"w":128,"h":128},
		"212F4332":{"x":131,"y":261,"w":128,"h":128},
		"678BCC96":{"x":261,"y":261,"w":128,"h":128},
		"6D25E32E":{"x":1,"y":391,"w":128,"h":128},
		"DE0EC04":{"x":131,"y":391,"w":128,"h":128},
		"4A556D49":{"x":261,"y":391,"w":128,"h":128},
		"3006C0D0":{"x":1,"y":521,"w":128,"h":128},
		"C435B6BF":{"x":131,"y":521,"w":128,"h":128},
		"2F88A323":{"x":261,"y":521,"w":128,"h":128},
		"35DB8EC3":{"x":1,"y":651,"w":128,"h":128},
		"FB463255":{"x":131,"y":651,"w":128,"h":128},
		"24893D75":{"x":261,"y":651,"w":128,"h":128},
		"240E5D3F":{"x":1,"y":781,"w":128,"h":128},
		"76DE08E3":{"x":131,"y":781,"w":128,"h":128}
	}}