{"mc":{
	"money":{
		"frameRate":24,
		"events":[
			
			],
		"frames":[
			
			{
			"res":"3A7CC55D",
			"x":0,
			"y":0
			},
			{
			"res":"8CF33544",
			"x":0,
			"y":0
			},
			{
			"res":"A03AB5B0",
			"x":0,
			"y":0
			},
			{
			"res":"A4C9DC17",
			"x":0,
			"y":0
			},
			{
			"res":"D2CB302",
			"x":0,
			"y":0
			},
			{
			"res":"491076DF",
			"x":0,
			"y":0
			}
			]
}},
	"res":{
		"A03AB5B0":{"x":1,"y":1,"w":25,"h":25},
		"D2CB302":{"x":25,"y":1,"w":25,"h":25},
		"3A7CC55D":{"x":1,"y":25,"w":25,"h":25},
		"8CF33544":{"x":25,"y":25,"w":25,"h":25},
		"A4C9DC17":{"x":1,"y":50,"w":25,"h":25},
		"491076DF":{"x":25,"y":50,"w":25,"h":25}
	}}